t,left_input,right_input,6743,37580,57553,108826,motor_left,motor_right,speed_um_s,turn_rad_s,x_um,y_um
14,0,0,0,0,0,0,0,0,7,0,-11.244898195946007,-94.73668189311866
14.1,0,0,0,0,0,0,0,0,7,0,-11.325218897345621,-95.4133724780695
14.200000000000001,0,0,0,0,0,0,0,0,7,0,-11.405539598745236,-96.09006306302035
14.3,0,0,0,0,0,0,0,0,7,0,-11.48586030014485,-96.7667536479712
14.4,0,0,0,0,0,0,0,0,7,0,-11.566181001544464,-97.44344423292205
14.5,0,0,0,0,0,0,0,0,7,0,-11.646501702944079,-98.1201348178729
14.6,0,0,0,0,0,0,0,0,7,0,-11.726822404343693,-98.79682540282374
14.700000000000001,0,0,0,0,0,0,0,0,7,0,-11.807143105743307,-99.47351598777459
14.8,0,0,0,0,0,0,0,0,7,0,-11.887463807142922,-100.15020657272544
14.9,0,0,0,0,0,0,0,0,7,0,-11.967784508542536,-100.82689715767629
15,0,0,0,0,0,0,0,0,7,0,-12.04810520994215,-101.50358774262713
15.1,0,0,0,0,0,0,0,0,7,0,-12.128425911341765,-102.18027832757798
15.200000000000001,0,0,0,0,0,0,0,0,7,0,-12.208746612741379,-102.85696891252883
15.3,0,0,0,0,0,0,0,0,7,0,-12.289067314140993,-103.53365949747968
15.4,0,0,0,0,0,0,0,0,7,0,-12.369388015540608,-104.21035008243052
15.5,0,0,0,0,0,0,0,0,7,0,-12.449708716940222,-104.88704066738137
15.6,0,0,0,0,0,0,0,0,7,0,-12.530029418339836,-105.56373125233222
15.700000000000001,0,0,0,0,0,0,0,0,7,0,-12.61035011973945,-106.24042183728307
15.8,0,0,0,0,0,0,0,0,7,0,-12.690670821139065,-106.91711242223391
15.9,0,0,0,0,0,0,0,0,7,0,-12.77099152253868,-107.59380300718476
16,0.5868715044784274,0.08925647241236542,0,0,0,0,0,0,7,0,-12.851312223938294,-108.27049359213561
16.1,0.5868201354254221,0.08924865739936809,0.39277896977715765,0.05290624544351419,0.000871908908043516,0.000006135312963496503,0.000003829750420098768,0.000007081659390383988,7.000261873835451,0.000007804581528684528,-12.931633941546352,-108.94718989586863
16.2,0.5868101338220915,0.08924703801129354,0.5573023720942396,0.15174047348487674,0.005685771657109876,0.000123394950371781,0.00007851177024466176,0.0001496947253612495,7.005476955894542,0.00017083909227981055,-13.011994108949239,-109.62410782661937
16.3,0.5868447569711929,0.08925162499043099,0.6262275186135192,0.24470130585054523,0.014335036264913439,0.0006059481514238158,0.000393615922538899,0.0007565904942803402,7.027604954003662,0.0008711389721794588,-13.092575443457918,-110.30234201032181
16.4,0.5869313635563866,0.08926246489408472,0.6551274339607366,0.3195769445431508,0.02547521141227215,0.001752174400874087,0.0011632464395587734,0.0022224923084479555,7.081257729952162,0.002542190085334037,-13.17376734932759,-110.98435488694668
16.5,0.5870811773009729,0.08927967564837211,0.6672860424910582,0.3763858402828509,0.03799043154367759,0.00382940753563145,0.002599522772727458,0.0048923510726205065,7.179804972288351,0.0055027879197433165,-13.256140404258531,-111.67401542296557
16.6,0.5873079308735935,0.08930347781006825,0.6724626493584893,0.41834083586466203,0.05118811679311417,0.0070396084029159195,0.004886562072270816,0.009006275303526016,7.333428097019124,0.00988731175501248,-13.340373516670297,-112.37636289579314
16.7,0.5876261032295133,0.08933421652739991,0.6747517313382159,0.4489525659028583,0.06469875866794202,0.011510480589775298,0.008168373442621593,0.01468792528201038,7.5485511693911675,0.015646924414533084,-13.427164901522701,-113.09725786929766
16.8,0.5880492405327788,0.08937237378350159,0.6758746511004678,0.47119339745591776,0.07835042409809007,0.017300593910095603,0.012545638969324813,0.021957107483544864,7.828065914868872,0.022587524434128124,-13.517144787671896,-113.84302317727452
16.9,0.5885886429348707,0.08941857261246111,0.6765578953804111,0.4873606441247682,0.09207728183011687,0.0244109831135127,0.018077738587963785,0.03075272439644977,8.171931111625925,0.030419965940366365,-13.610799348120963,-114.6201287570675
17,0.5892525491058801,0.08947357552388983,0.6771099496587911,0.49915778782999437,0.10586380137882628,0.03279867005937262,0.02478751832833956,0.04095772063363568,8.577885735087406,0.03880848553271069,-13.708410766946145,-115.43494161500621
17.1,0.5900458421874413,0.08953827914679126,0.6776627112235416,0.5078226225961707,0.11971415963886164,0.042389580434032396,0.032667167226613475,0.052421598785940327,9.042130384301291,0.047410635742384445,-13.810015717819624,-116.29354312434043
17.2,0.5909702229856476,0.08961370659578932,0.6782726006587013,0.5142458479576233,0.13363693141427915,0.05308961702039399,0.04168419268386723,0.06497857412544372,9.559906403423462,0.05590651545978358,-13.915382672712894,-117.20160603264685
17.3,0.5920247457595593,0.0897009985266156,0.6789630877216039,0.5190658046435274,0.14763819255147742,0.06479344385107011,0.051786921910088136,0.07846091972692505,10.125948199288317,0.0640175947604086,-14.024006984992411,-118.16431957974146
17.400000000000002,0.5932065880025141,0.08980140339406162,0.6797428082919031,0.522739570387525,0.16171888464181566,0.07739099896106384,0.06290925500861419,0.09270787093080951,10.734811022546168,0.07151667821326876,-14.135121572661774,-119.18635059865119
17.5,0.5945119249294665,0.08991626708828336,0.6806135291880441,0.5255947322976467,0.17587415208385077,0.0907720006213222,0.07497458891114138,0.10757084620045436,11.381090442678298,0.07823101749435114,-14.24772031829525,-120.27182977384564
17.6,0.5959367959063795,0.09004702190127373,0.6815738771816726,0.5278665389013035,0.1900934896184606,0.10482881868627042,0.08789894857254547,0.12291585933079811,12.059555389680245,0.08404058581980633,-14.360591004442995,-121.42435431020976
17.7,0.5974778764786636,0.09019517464661875,0.682621265119171,0.5297243906008268,0.2043611663666256,0.11945810198380973,0.10159342484574091,0.13862395688749285,12.76521716159761,0.08887327690020465,-14.472354650919442,-122.64700047961605
17.8,0.5991330992506761,0.09036229370124477,0.6837530022643145,0.531290695045693,0.2186567164065726,0.13456152196038867,0.11596604492213851,0.15459039274829245,13.493354504090343,0.09269843478276946,-14.58150840891949,-123.94234150922057
17.900000000000002,0.6009020946332699,0.09054999473867106,0.6849669839105911,0.5326542984667318,0.23295543831583776,0.15004593779158498,0.1309232045259351,0.1707231007406417,14.239511326397842,0.09551975091529587,-14.686469588622003,-125.31246790559908
18,0.6027864454428467,0.09075992496393107,0.6862621191374986,0.5338800714753908,0.24722890767096414,0.16582322545587477,0.14637078076357002,0.18694087806600668,14.99947981190984,0.09736823352584797,-14.785618863349555,-126.75900854281144
18.1,0.6047897663151276,0.09099374572896002,0.6876385658050675,0.5350157637133682,0.261445523314206,0.18180995253890198,0.1622150270962471,0.2031715626365842,15.769278153587951,0.09829568529680903,-14.8773411439347,-128.28315171681152
18.2,0.6069176299720118,0.0912531134946368,0.6890978105374703,0.5360969109226058,0.2755711050866224,0.19792702667433654,0.17836333143245273,0.21935038257931816,16.5451291362825,0.09836892275247704,-14.96006301799298,-129.88566594620352
18.3,0.6091773683719466,0.09153965920417273,0.6906426219791774,0.5371503458188173,0.2895695503527368,0.21409940037272002,0.19472489735651058,0.2354185759535904,17.32344335944242,0.09766482863299154,-15.032285987239447,-131.56692064671097
18.400000000000002,0.6115777788153104,0.09185496623532043,0.6922769032224031,0.5381967024025064,0.3034035450864409,0.2302558786650241,0.21121138856739455,0.25132232022835604,18.100809011098015,0.09626623598630758,-15.092615012573788,-133.32690698335955
18.5,0.6141287643191597,0.09220054719942025,0.6940054683830674,0.5392521909054233,0.31703531526298756,0.24632904780819975,0.2277375586853366,0.2670119703454689,18.87398869673933,0.09425858798431756,-15.139782099372042,-135.1652592589212
18.6,0.6168409350306969,0.09257781994733782,0.6958337670130725,0.5403298422752169,0.3304273968825642,0.2622553223117203,0.24422187335747467,0.28244157742613923,19.63992281880673,0.09172728976479495,-15.17266483501453,-137.08127716784156
18.7,0.6197251939162158,0.09298808322000976,0.6977675780295635,0.5414403663118215,0.343543398447507,0.27797509279016375,0.260587119510905,0.2975686440802299,20.39573832618724,0.08875565896637978,-15.190299937356485,-139.07394916136673
18.8,0.6227923260256985,0.09343249243952764,0.6998126922717882,0.5425927289394389,0.3563487280743161,0.29343294775722417,0.276760987926598,0.3123540642337719,21.138761251848877,0.08542338313721735,-15.191891994796606,-141.14197705516062
18.900000000000002,0.6260526066864046,0.0939120361715777,0.7019745999262633,0.5437945265952151,0.3688112583888559,0.30857793766165614,0.29267661010145457,0.32676219335762774,21.866531283017977,0.0818053998148156,-15.176817681112425,-143.2838018837797
19,0.6295154402656732,0.0944275137993435,0.7042581961195112,0.5450522159058251,0.3809019055335343,0.3233638484743655,0.3082730284669236,0.3407609973573677,22.57681661978299,0.07797112533706581,-15.14462581409316,-145.49763088162308
19.1,0.6331890377986943,0.09497951493221862,0.7066675151226146,0.5463712423640006,0.39259510350377774,0.3377494542161402,0.32349558005953294,0.3543222338735836,23.267627534394798,0.07398396915372153,-15.095033696787596,-147.78146535868518
19.2,0.6370801388624363,0.09556840103131106,0.709205500936992,0.5477561010078441,0.40386916104622494,0.35169872219827814,0.3382961771219586,0.36742162725316413,23.937227305002942,0.0699010803148933,-15.027920233345867,-150.1331291497745
19.3,0.6411937806068169,0.09619428967090274,0.7118738195840526,0.5492103540485151,0.41470649488088,0.36518095065861705,0.35263347315573546,0.3800390070496302,24.584139524928776,0.06577328134534732,-14.943316346884785,-152.55029725284112
19.400000000000002,0.6455331148155463,0.09685704177528848,0.7146727162229232,0.5507366242300873,0.42509373946621826,0.37817082516533396,0.3664729089013439,0.3921583887950362,25.207151144713123,0.061645151744861515,-14.841393243756556,-155.03052423781992
19.5,0.6500992722335986,0.09755625207918832,0.7176009182762949,0.5523365779161197,0.4350217393994678,0.39064838695301696,0.3797866388719611,0.4037679842985658,25.805310956092647,0.05755522902385124,-14.722449067057823,-157.5712720012507
19.6,0.6548912721298993,0.0982912429630005,0.7206555840547524,0.5540109081184845,0.4444854354427211,0.4025989126848665,0.3925533447979081,0.4148601363619067,26.377923547835557,0.05353629975359668,-14.586894463147473,-160.1699364611286
19.7,0.6599059741228852,0.09906106171718003,0.7238322949329283,0.5557593246642671,0.4534836588410987,0.4140127105787982,0.4047579471829583,0.42543117921372176,26.924539033520322,0.04961575687383224,-14.435237550336296,-162.82387282656555
19.8,0.6651380686421613,0.09986448119804209,0.7271250879439257,0.5575805562625203,0.4620188509507749,0.4248848421266044,0.416391229835994,0.43548123096824226,27.44493905930167,0.04581600271739576,-14.268068731695166,-165.5304191325131
19.900000000000002,0.6705801019907225,0.10070000375442857,0.7305265247177295,0.559472367264262,0.4700967262536928,0.4352147816578428,0.42744939459604203,0.4450139279627529,27.93911974141108,0.0421548800801061,-14.086045737334643,-168.28691779540623
20,0.6762225317693893,0.10156586823396443,0.7340277919885648,0.5614315903231015,0.4777258967387201,0.44500602776835213,0.43793356453672244,0.4540361130001247,28.40727226088433,0.03864611631216541,-13.889879219401791,-171.090735015704
20.1,0.6820538083903881,0.1024600598209289,0.7376188284256717,0.5634541749015302,0.48491747458302753,0.4542656812630679,0.4478492538513656,0.46255749047652633,28.849761863869407,0.03529976790038578,-13.68031915869824,-173.93927792317936
20.2,0.6880604785050547,0.1033803224158198,0.7412884722881382,0.5655352505863924,0.49168466831560376,0.46300400393732377,0.4572058215894243,0.4705902613251165,29.26710598994898,0.03212265536566128,-13.458142278535888,-176.83000942665694
20.3,0.6942273063693973,0.1043241732392882,0.7450246243494968,0.5676692034431527,0.498042385434942,0.47123397145781126,0.4660159246804376,0.4781487498904355,29.659952189700956,0.029118780503994877,-13.224140601770614,-179.7604607888111
20.400000000000002,0.7005374094421533,0.10528891932925938,0.7488144206602415,0.5698497631244202,0.5040068520139198,0.478970832027986,0.4742949834891173,0.4852490334991473,30.02905640771835,0.026289720024071928,-12.97911123283211,-182.72824199690103
20.5,0.7069724048283516,0.10627167559818687,0.7526444099916826,0.5720700981284336,0.5095952573508445,0.48623168064222266,0.4820606707192537,0.49190858382333813,30.375262109022202,0.02363499144980268,-12.723847399273382,-185.73105004097306
20.6,0.7135125635264913,0.10726938412559846,0.7565007312059009,0.5743229164533361,0.5148254293678265,0.49303505672876785,0.4893324320149351,0.4981459273227749,30.69948062410504,0.02115238873881555,-12.459130747619383,-188.7666752420073
20.7,0.7201369697922684,0.1082788343773161,0.7603692862961964,0.5766005688885554,0.519715544322946,0.49940057099777657,0.4961310442426827,0.5039803302446327,31.00267298769557,0.01883828640468015,-12.185724856190063,-191.83300579415254
20.8,0.7268236832829733,0.10929668406490665,0.7642359054124421,0.5788951523007795,0.524283872556711,0.505348565453822,0.5024782152819878,0.50943151195739,31.285833453745067,0.016687912020965357,-11.904369902879353,-194.92803069842557
20.900000000000002,0.7335499019839837,0.1103194803850884,0.7680865007992502,0.5811986104842064,0.5285485604664764,0.5108998088730341,0.5083962272692895,0.5145193888690381,31.549974787319865,0.01469558783939684,-11.61577840796599,-198.04984127119633
21,0.7402921242349166,0.11134368140724543,0.7719072072066311,0.5835028304288472,0.5325274476974574,0.5160752286233826,0.513907623662961,0.5192638498677935,31.796115364738107,0.012854942891597875,-11.320631960196806,-201.19663141059664
21.1,0.7470263084629929,0.11236567740639838,0.7756845069602758,0.585799732193655,0.536237917638206,0.5208956785375579,0.5190349392293205,0.5236845631415715,32.02526805690141,0.011159097389402373,-11.019578827688292,-204.36669679893475
21.2,0.7537280294921227,0.11338181196773424,0.7794053384820773,0.5880813509319033,0.5396967786812384,0.5253817416276259,0.5238004710777756,0.5278008133781861,32.23843082694308,0.009600821520985113,-10.71323235277805,-207.5584332104604
21.3,0.7603726305268288,0.11438840271618139,0.7830571876148577,0.5903399099855747,0.5429201733179071,0.5295535657423024,0.5282260881699999,0.5316313677068244,32.436578941043784,0.008172670888378697,-10.402170030909929,-210.77033408244097
21.400000000000002,0.7669353701104301,0.1153817615498575,0.786628161615871,0.5925678843272612,0.5459235119399581,0.5334307297863585,0.5323330762593187,0.5351943682903829,32.620658669192835,0.006867100874554132,-10.086933177203719,-214.00098749434937
21.5,0.7733915635278162,0.11635821427907724,0.7901070461325188,0.5947580539689471,0.5487214281785106,0.5370321378182207,0.5361420149451263,0.5385072491913405,32.79158233927521,0.005676562190914236,-9.768027089778116,-217.24907268594234
21.6,0.7797167182664206,0.1173141195927486,0.7934833458552926,0.5969035472668088,0.551327752687444,0.5403759381860459,0.5396726834161667,0.5415866749834275,32.950224601590264,0.004593579761425914,-9.4459216255932,-220.5133562305541
21.7,0.7858866632667534,0.11824588729133789,0.796747309854928,0.5989978743226265,0.5537555024396176,0.543479464825143,0.5429439914712182,0.5444484985406622,33.09741976028513,0.0036108169666657195,-9.121052112001962,-223.79268796570113
21.8,0.7918776717886116,0.11914999574019589,0.7998899428535929,0.601034950911209,0.5560168828231102,0.5463591978936664,0.5459739325150138,0.5471077354796873,33.233960031872826,0.0027211271152163263,-8.793820525026604,-227.08599676938138
21.900000000000002,0.7976665777934564,0.12002300850906665,0.8029030038565146,0.6030091135475625,0.5581233000778868,0.5490307410452004,0.5487795554041862,0.5495785528388341,33.36059459783249,0.001917593843154819,-8.464596873186565,-230.392286257475
22,0.8032308858001305,0.1208615901732639,0.8057789936855759,0.6049151264477821,0.5600853818828035,0.5515088128058415,0.5513769522401383,0.5518742697292374,33.47802932726501,0.00119356197383782,-8.133720733329938,-233.7106304657209
22.1,0.8085488742126651,0.12166252125955049,0.8085111330162696,0.6067481812359277,0.5619130041747926,0.5538072497227512,0.5537812594546679,0.5540073678739083,33.58692705588583,0.0005426602061767482,-7.801502892192275,-237.04016956874784
22.2,0.8135996921479555,0.12242271232548908,0.811093332531149,0.6085038903089921,0.5636153225462293,0.555939019167283,0.556006669795502,0.5559895101473618,33.68790831862873,-0.00004118315553647278,-7.468227054156159,-240.38010567887113
22.3,0.8183634498098254,0.12313921716521511,0.8135201567742003,0.6101782747978911,0.5652008068158115,0.5579162398980019,0.5580664530815551,0.5578315654311639,33.781552444305255,-0.0005637303609390187,-7.134151581924925,-243.72969875860053
22.400000000000002,0.8228213024666379,0.12380924513751063,0.8157867832291497,0.6117677480592216,0.5666772775982274,0.559750208709118,0.5599729838535995,0.5595436383020447,33.86839893173546,-0.0010304293237315854,-6.799511242427798,-247.0882626731477
22.5,0.8269555280940198,0.12443017261397872,0.8178889580581493,0.6132690956055629,0.5680519439058841,0.5614514317021521,0.5617377742893893,0.5611351022634404,33.948949037267916,-0.0014464128622773131,-6.464518935329579,-250.45516140256768
22.6,0.8307495987441262,0.12499955354627765,0.8198229498326345,0.6146794523365359,0.569331441001014,0.5630296589189151,0.5633715109793499,0.5626146354145503,34.0236675134536,-0.00181650135551914,-6.129367385953628,-253.8298054274951
22.7,0.8341882456996462,0.12551512915198176,0.8215855024717945,0.6159962778736152,0.5705218678786044,0.5644939212595128,0.5648840943674981,0.5639902576207247,34.09298444771734,-0.002145208192256032,-5.794230788329969,-257.2116482975407
22.8,0.8372575184656573,0.12597483671887622,0.8231737884816622,0.617217330733304,0.5716288239007619,0.5658525687785405,0.5662846798512232,0.5652693684037309,34.1572971581189,-0.002436747473981615,-5.459266387458229,-260.6001833874234
22.900000000000002,0.8399448376465001,0.12637681752752053,0.8245853634639811,0.6183406419997229,0.5726574442226791,0.5671133096053567,0.5675817197028048,0.5664587849095891,34.216972110697455,-0.0026950435037176312,-5.124615992757754,-263.99494084251546
23,0.8422390417488909,0.1267194238918618,0.825818122742598,0.6193644890823252,0.5736124337511069,0.5682832488703191,0.5687830051255052,0.5675647794352204,34.27234682945741,-0.002923741656683365,-4.790407417149254,-267.39548471275975
23.1,0.8441304279471867,0.12700122531764232,0.8268702608390532,0.6202873700700945,0.57449809946001,0.5693689271387091,0.5698957078886923,0.5685931161035774,34.32373177581447,-0.0031262202842755825,-4.456755838265053,-270.8014102717598
23.2,0.8456107868425302,0.12722101377841147,0.8277402344203747,0.6211079791224363,0.5753183809568707,0.570376357958576,0.5709264211008961,0.5695490863710252,34.371412179326114,-0.003305603351690145,-4.123765080005342,-274.21234151608314
23.3,0.8466734312449378,0.12737780810917523,0.8284267292421464,0.6218251832706114,0.5760768792487966,0.571311064219011,0.5718811987783828,0.5704375431315171,34.415649805837596,-0.003464773552477851,-3.7915288140588927,-277.6279288385549
23.400000000000002,0.8473132190064377,0.12747085751813944,0.8289286315193166,0.6224380009431328,0.5767768837019893,0.5721781130925727,0.5727655939511371,0.5712629332506772,34.45668465284354,-0.003606385681103763,-3.4601316821481305,-281.04784686833773
23.5,0.8475265699343196,0.1274996442176538,0.8292450040759574,0.6229455824746796,0.5774213972229273,0.5729821494009879,0.5735846951195864,0.572029328420458,34.49473656496106,-0.0037328800779083513,-3.129650340655189,-284.4717924699262
23.6,0.8473114768164063,0.12746388517634985,0.8293750675527962,0.6233471928110348,0.578013159716305,0.5737274272980978,0.5743431609353516,0.5727404542727653,34.53000676499481,-0.003846495990207188,-2.80015442998274,-287.8994828927798
23.7,0.8466675105950707,0.12736353299559683,0.8293181868869015,0.6236421965822607,0.5785546698947368,0.5744178402094969,0.5750452530291597,0.5733997177294965,34.56267929820775,-0.003949284719191581,-2.4717074715240415,-291.3306540630674
23.8,0.8455958197333532,0.12719877591476142,0.8290738632202053,0.623830045682411,0.5790482055296269,0.5750569490055856,0.575694866950034,0.574010232597928,34.59292238915109,-0.004043122445054337,-2.144367695520941,-294.76505900897746
23.900000000000002,0.8440991238249314,0.12697003695134382,0.8286417313411099,0.6239102694660055,0.5794958422424864,0.5756480084149043,0.5762955612131935,0.5745748434453336,34.62088971180465,-0.0041297226428636865,-1.8181888032950155,-298.20246641108133
24,0.8421817015096864,0.1266779721838507,0.828021562714637,0.6238824676484924,0.5798994709422178,0.576193991708594,0.576850584480757,0.5750961478060724,34.64672157488391,-0.004210648019242935,-1.4932206675516682,-301.64265926946337
24.1,0.8398493727680366,0.12632346818723766,0.8272132741097329,0.6237463059791245,0.5802608140172052,0.5766976137055662,0.5773629009203755,0.5755765167890067,34.670546025025175,-0.004287321915285069,-1.1695099744715662,-305.0854336795496
24.2,0.8371094756798998,0.1259076386328825,0.8262169417857006,0.6235015147391347,0.5805814403920874,0.577161352162236,0.5778352138030978,0.5760181141637546,34.692479871204455,-0.004361039134423627,-0.8471008113297103,-308.53059770892924
24.3,0.8339708377478983,0.1254318200673145,0.8250328211516541,0.6231478901047609,0.5808627795583281,0.5775874676212076,0.5782699874139243,0.5764229140116465,34.7126296342137,-0.004432976165466851,-0.5260352033305935,-311.9779703678023
24.400000000000002,0.8304437418990549,0.12489756688629307,0.8236613717617874,0.6226852984024733,0.5811061346855463,0.5779780218007157,0.5786694673572401,0.5767927170319119,34.73109242533965,-0.004504200780787659,-0.20635360321603002,-315.4273806661158
24.5,0.8265398872945426,0.12430664552328048,0.8221032874537867,0.6221136832716448,0.5813126949173311,0.5783348946114757,0.5790356993452527,0.5771291655960934,34.74795675859231,-0.0045756809979822675,0.11190466289826873,-318.87866675082023
24.6,0.8222723450928698,0.1236610278738582,0.8203595313767411,0.6214330757367574,0.5814835469511793,0.5786597998903524,0.5793705465611717,0.5774337576444175,34.76330330093414,-0.004648293400210069,0.42870099019819463,-322.331675117176
24.7,0.8176555093280102,0.12296288398017254,0.8184313755876165,0.6206436071760532,0.5816196859974364,0.5789542999413074,0.5796757056905982,0.5777078595172013,34.777205564987185,-0.004722830816152701,0.7439971272524417,-325.7862598884076
24.8,0.8127050430802722,0.12221457400203772,0.8163204448213015,0.6197455251552924,0.5817220262067859,0.5792198189738007,0.5799527217148034,0.5779527178126581,34.78973054865908,-0.0048000093651486605,1.0577548426053909,-329.242282158476
24.900000000000002,0.8074378201339555,0.12141863950385154,0.8140287639583931,0.618739212073067,0.5817914106500023,0.5794576555274602,0.5802030015585841,0.5781694703599395,34.80093932604456,-0.004880474876746988,1.3699356232127684,-332.6996093931202
25,0.8018718623319354,0.12057779408896745,0.8115588086277157,0.6176252065371108,0.5818286209273899,0.5796689939696478,0.5804278266834287,0.5783591563931109,34.81088759383695,-0.004964808696762901,1.680500402211237,-336.15811488478084
